isbn,full_name,year
195153448,Mark P. O. Morford,2002
2005018,Richard Bruce Wright,2001
60973129,Carlo D'Este,1991
374157065,Gina Bari Kolata,1999
393045218,E. J. W. Barber,1999
399135782,Amy Tan,1991
425176428,Robert Cowley,2000
671870432,Scott Turow,1993
679425608,David Cordingly,1996
074322678X,Ann Beattie,2002
771074670,David Adams Richards,1988
080652121X,Adam Lebor,2000
887841740,Sheila Heti,2004
1552041778,R. J. Kaiser,1999
1558746218,Jack Canfield,1998
1567407781,Loren D. Estleman,1998
1575663937,Robert Hendrickson,1999
1881320189,Julia Oliver,1994
440234743,John Grisham,1999
452264464,Toni Morrison,1994
609804618,The Onion,1999
1879384493,J. R. Parrish,2003
61076031,"Mary-Kate &amp, Ashley Olsen",2000
439095026,Robynn Clairday,1999
689821166,Kathleen Duey,1998
971880107,Rich Shapero,2004
345402871,Michael Crichton,1997
345417623,MICHAEL CRICHTON,2000
684823802,C.S. Lewis,1996
375759778,ARTHUR PHILLIPS,2003
425163091,Stephan Jaramillo,1998
3442353866,Eleanor Cooney,2001
3442410665,Charlotte Link,1991
3442446937,Richard North Patterson,2000
375406328,Mark Salzman,2000
446310786,Harper Lee,1988
449005615,LAURA HILLENBRAND,2002
60168013,Barbara Kingsolver,1993
038078243X,Jo Dereske,1996
055321215X,Jane Austen,1983
067176537X,Dolores Krieger,1979
61099686,Anne Rivers Siddons,1995
553582909,Dean R. Koontz,2000
671888587,Mary Higgins Clark,1994
553582747,Dean Koontz,2001
425182908,Patricia Cornwell,2002
042518630X,J.D. Robb,2002
440223571,Maeve Binchy,1997
812523873,Laura J. Mixon,1999
842342702,Tim Lahaye,2000
440225701,JOHN GRISHAM,1999
60914068,M.D. Bernie S. Siegel,1988
156047624,Robert Penn Warren,1982
245542957,Hans Johannes Hoefer,1985
380715899,Mark Helprin,1992
553280333,O. Carol Simonton Md,1992
961769947,Chuck Hill,1993
964778319,David Iglehart,2002
671623249,Larry McMurtry,1986
679810307,SUZANNE FISHER STAPLES,1991
679865691,SUZANNE FISHER STAPLES,1995
2070423204,Michel Tournier,2002
345260317,Carl Sagan,1978
394743741,Aleksandr Zinoviev,1980
042511774X,Anne Tyler,1994
804106304,Amy Tan,1994
1853262404,Joseph Conrad,1998
312970242,Deepak Chopra,2000
1853260053,Thomas Hardy,1997
1414035004,Charles Noland,2003
60938412,Valerie Frankel,2003
140067477,Benjamin Hoff,1983
345465083,LAURA HILLENBRAND,2003
451625889,Niccolo Machiavelli,1952
1558531025,H. Jackson Brown,1991
441783589,Robert A. Heinlein,1987
394895894,PHILIP PULLMAN,1988
1569871213,Anna Sewell,1995
375410538,MICHAEL ONDAATJE,2000
966986105,Sandra Levy Ceren,1999
087113375X,P.J. O'Rourke,1990
340767936,Mike Gayle,2000
743403843,Stel Pavlou,2002
60930365,Sarah Payne Stuart,1999
60177586,Dan Quayle,1994
71416331,Donald F. Kettl,2003
375509038,DAVID FRUM,2003
553062042,Louis Lamour,1981
316769487,J.D. Salinger,1991
8445071408,J. R. R. Tolkien,2001
8445071769,J. R. R. Tolkien,2001
8445071777,J. R. R. Tolkien,2001
679429220,John Berendt,1994
671867156,Mary Higgins Clark,1998
312252617,Jennifer Crusie,2001
312261594,Jane Heller,2001
316748641,Michael Rips,2002
316973742,Simon Mawer,2002
385235941,William Abrahams,1987
446677450,Robert T. Kiyosaki,2000
451166892,Ken Follett,1996
553347594,John F. Love,1995
671621009,Robert G. Allen,1986
067976397X,LOUIS DE BERNIERES,1995
684822733,Pam Proctor,1996
786868716,Mitch Albom,2003
8472238822,Irene Gonzalez Frei,2002
671864769,Michael Jan Friedman,1992
671521519,Glendon Swarthout,1995
440222303,Neal Barrett Jr.,1996
312953453,David Morrell,1994
446608653,Sandra Brown,2000
446612545,James Patterson,2003
446612618,Sandra Brown,2003
451208080,Stuart Woods,2003
553584383,IRIS JOHANSEN,2004
671027360,Dan Brown,2001
812575954,Joe Hutsko,2000
316735736,Anita Shreve,2004
743439740,Ann Rule,2002
345372700,LEWIS GRIZZARD,1991
380619458,Paul Theroux,1990
446325805,Lewis Grizzard,1994
451406923,Charles Hickey,1996
671042858,Stephen King,2000
743249992,Ben Mezrich,2003
840734530,Bill Hand,1992
425184226,Tom Clancy,2002
375500766,DANA REEVE,1999
9724119378,Roy,1998
451205197,Barbara Metzger,2002
60929790,Gabriel Garcia Marquez,1998
60976845,Rebecca Wells,1996
61099325,Tony Hillerman,1992
671004573,Mary Higgins Clark,2001
446601640,Robert James Waller,1994
330484516,Rachel Harris,2001
038572179X,IAN MCEWAN,2003
393020371,Michael Lewis,2001
1900850303,Richard Zimler,1999
1903019699,Norman Jetmundsen,2000
345425294,Lorenzo Carcaterra,2002
451410319,Anne Frasier,2002
553583468,Kay Hooper,2002
8420639133,Soren Kierkegaard,2001
8476409419,Jose Ortega Y Gaset,2001
380778556,Daphne Du Maurier,1994
451525221,Nathaniel Hawthorne,1993
2740230,Nick Page,1999
385336772,Laura Wolf,2003
440949424,LOIS DUNCAN,1986
505524996,Susan Grant,2002
140252800,Barbara Vine,1997
451452755,Shirley Rousseau Murphy,1993
812575482,Jane Lindskold,2002
044651747X,Robert James Waller,1995
60801263,Betty Smith,1988
61030147,Cybill Shepherd,2001
140250964,Stewart O'Nan,1995
446527165,David Baldacci,2000
671461494,Douglas Adams,1982
385337639,Mary Lawson,2003
039575514X,Willa Cather,1995
451206673,Olivia Goldsmith,2002
330332775,Helen Fielding,1997
486284735,Jane Austen,1995
671021745,Franklin W. Dixon,1998
671047612,Franklin W. Dixon,2000
671504282,Franklin W. Dixon,1995
399138684,Lilian Jackson Braun,1994
785263292,Holly Virden,2003
830714014,H. Norman Wright,1989
345354931,Piers Anthony,1990
553278223,RAY BRADBURY,1984
3150000335,Schiller,0
60977493,Arundhati Roy,1998
312872682,Robert S. Levinson,2000
316602906,James Patterson,2003
316693006,James Patterson,2002
345311396,Richard North Patterson,1994
345378490,Michael Crichton,1995
345404793,Richard North Patterson,2001
345433173,Lorna Landvik,1999
375400117,Arthur Golden,1997
375705856,KENT HARUF,2000
380717018,Patricia D. Cornwell,1992
380718332,Patricia D. Cornwell,1993
380754509,Carol J. Farley,1988
038076654X,Kathleen E. Woodiwiss,1997
380807866,Kathleen E. Woodiwiss,1999
385316895,Belva Plain,1998
385497466,JOHN GRISHAM,2000
385508042,John Grisham,2003
385509456,MARK HADDON,2003
385511612,John Grisham,2003
385730586,ANN BRASHARES,2003
425164403,Erich Segal,1998
440234964,Elizabeth Adler,2000
446605484,James Patterson,2001
446610399,Nicholas Sparks,2001
449006522,JOHN SAUL,2002
449911004,LORNA LANDVIK,1996
451162072,Stephen King,1994
451186648,Steve Thayer,2000
452282152,Tracy Chevalier,2001
051513290X,Judith Kelman,2002
553580388,Michael Palmer,2001
590598848,Francine Hughes,1995
590629719,Norman Bridwell,1996
671023616,Patricia Cornwell,1998
671027387,Dan Brown,2002
684848783,Frank McCourt,1999
743486226,Dan Brown,2003
786863986,Malachy McCourt,1998
803251718,Mari Sandoz,1961
804117934,Anne Perry,1998
140003180X,ALEXANDER MCCALL SMITH,2004
155874262X,Jack Canfield,1993
60987103,Gregory Maguire,1996
151008116,Yann Martel,2002
375704965,Ruth Rendell,2000
525947647,Al Franken,2003
804111359,DONNA TARTT,1993
1558744150,Jack Canfield,1996
435272683,John Milne,1995
316782505,Anita Shreve,2001
006102063X,Terry Pratchett,2002
60013117,Terry Pratchett,2002
60199563,Terry Pratchett,2001
006052779X,E. B. White,2003
60563079,J. M. Barrie,2003
60809027,Mary O'Hara,1988
61040967,Terry Pratchett,2001
61050474,Terry Pratchett,1998
61052515,Terry Pratchett,1997
61052523,Terry Pratchett,1997
64472264,Louise Rennison,2002
140620664,Jane Austen,1994
312148267,Kenneth Grahame,1996
312156960,Bernard Cornwell,1997
312890044,Charles de Lint,1994
034543191X,Edward John Moreton Drax Plunkett Dunsany,1999
373836023,Georgette Heyer,2004
375751513,OSCAR WILDE,1998
375801677,Ted Hughes,1999
375814248,ROALD DAHL,2002
375823352,PHILIP PULLMAN,2002
037582345X,PHILIP PULLMAN,2002
375823468,PHILIP PULLMAN,2002
380730448,Sue Townsend,1997
380973839,Ray Bradbury,1997
385327773,Donna Jo Napoli,2003
394586239,A. S. Byatt,1990
439510112,Tanuja Desai Hidier,2003
440241413,SOPHIE KINSELLA,2003
451409256,Isabel Wolff,2000
451523415,Louisa May Alcott,1988
451526279,Jane Austen,1996
451526341,George Orwell,2004
486415864,Charles Dickens,2001
553280589,Isabel Allende,1989
571197639,Barbara Kingsolver,0
670035262,Ellen Datlow,2002
679423079,Charles Dickens,1993
679751343,A.S. BYATT,1994
684833395,Joseph Heller,1996
743245024,John Galsworthy,2002
749748001,Enid Blyton,2002
749748028,Enid Blyton,2002
963094424,Neil Gaiman,1993
1401201172,Alan Moore,2003
1563892278,Neil Gaiman,1998
1563898586,Alan Moore,2002
156971620X,Neil Gaiman,2002
1592571301,Trudy Suggs,2003
374270325,Tom Wolfe,1998
375719180,Brady Udall,2002
440235502,Homer Hickam,1999
044023722X,John Grisham,2001
1573225487,Pearl Abraham,1996
1853260673,Thomas Hardy,1997
60977477,Sebastian Junger,1999
345391691,Karen Armstrong,2001
520011171,Mary Barnard,1958
553278746,David Brin,1990
670856045,T. Coraghessan Boyle,1995
872200760,Paul Woodruff,1989
937858994,Lynda Madaras,1987
671649949,Stephen McCauley,1988
590431110,Isabelle Holland,1993
64470113,Pam Conrad,1990
553571486,Lurlene McDaniel,2000
972044205,Brian Kaufman,2002
312963009,John Darnton,1997
345430476,Martin Schenk,1999
345435869,DAVID EDDINGS,1999
380728729,Paul Reiser,1998
038081840X,David G. Hartwell,2001
449912302,Dave Barry,1997
055329198X,John R. Holt,1997
671018930,Theodore Beale,2000
812541642,Frank M. Robinson,2000
312988699,Mary Jane Clark,2004
486282112,Mary Wollstonecraft Shelley,1994
670815373,Robert Westall,1987
385313748,Robert B. Parker,1994
1575843366,Rita Chapman Works,1999
684193957,Patricia Cornwell,1992
345371984,Douglas Adams,1992
380730138,A. Manette Ansay,1998
1573228737,Sarah Waters,2002
9681500555,Anne Frank,2000
380711109,Barry Lopez,1990
452283914,Greg Palast,2003
425120279,Tom Clancy,1990
067153484X,Andrea Kane,1998
380728273,Nevada Barr,2000
8433914545,Paul Auster,1996
8484509141,Stephen King,2002
446606197,Margaret Maron,1999
771076002,EDNA BARKER,2002
771088191,Muriel Whitaker,1997
1559703237,John Irving,1996
3596214629,Golding,0
62770500,HarperReference,1993
671847546,LTD,1993
60188731,Ann Patchett,2001
140374248,Roald Dahl,2000
142001740,Sue Monk Kidd,2003
195086295,Bob Thiele,1995
312995423,Dan Brown,2003
380704587,Colleen McCullough,1988
380815923,Joanne Harris,2001
385416342,John Grisham,1991
385418493,Thomas Cahill,1996
038542471X,John Grisham,1993
425098109,Michael Hudson,1987
449005410,Jane Smiley,2001
449202631,Dick Francis,1985
449207544,Dick Francis,1990
515128554,Nora Roberts,2000
517577402,Douglas Adams,1992
590450875,Jean Marzollo,1992
590481371,Walter Wick,1996
067103619X,Barbara Delinsky,2000
684177730,P. D. James,1982
684180200,Arthur William Upfield,1983
743411269,Barbara Delinsky,2003
743470389,Christopher Rice,2004
076218857X,Rex Stout,2000
767905938,Joan Anderson,2000
800706544,Vance Havner,1974
801096677,Warren W. Wiersbe,1984
849953014,Max Lucado,1997
891091963,Lawrence J Crabb,1988
915811537,Barry Neil Kaufman,1994
927545373,Bob Sjogren,1988
1575024179,Frederick J. Moody,1997
1880185008,Neal Pirolo,1991
140345809,William Sleator,1991
380012863,Richard Bach,1976
451154916,Kevin Sullivan,1996
785815147,Michele Morgan,2002
875421288,"Scott, Cunningham",1989
1567184294,David Allen Hulse,2000
156718796X,Richard Webster,1998
1862047626,Bernard King,2000
20437501,Pat Hutchins,1971
198320264,William Shakespeare,2001
373196989,Melissa McClone,2003
373245580,Cheryl St. John,2003
451527747,Lewis Carroll,2000
671867113,Mary Higgins Clark,1997
812504208,Mark Twain,1989
60173289,Rebecca Wells,1996
60973897,Dog Mary Crow,1991
006101351X,Sebastian Junger,1998
140104682,Linda Gordon,1989
312143370,Florence King,1996
316666343,Alice Sebold,2002
039456894X,Spalding Gray,1992
440224675,Thomas Harris,2000
449002632,EDWARD RUTHERFURD,1998
449213773,Margaret Atwood,1990
452279690,Dorothy Allison,1999
553569058,Margaret Atwood,1995
679427430,MAYA ANGELOU,1993
679725393,Edith Wharton,1990
802114369,Mary Brave Bird,1993
803233019,John G. Neihardt,1988
819154946,Roland Warren,1987
897322339,Johnny Molloy,1997
940322978,James McCourt,2002
1573225126,Elizabeth Wurtzel,1997
1579651658,Bill Bradley,2000
1878424319,Don Miguel Ruiz,1997
600586898,Paul Lester,1995
1853260622,Leo Tolstoy,1997
1857938011,Simon Nye,1996
60804157,Robert A Johnson,1977
8466601090,Horacio Vazquez-Rial,2002
140382658,Marc Gascoigne,1996
152012966,Stephanie Maze,1997
312283784,Sandra Dallas,2001
345297709,Piers Anthony,1982
345313097,Piers Anthony,1985
345335465,Anne McCaffrey,1991
345416848,David Gemmell,1997
385333404,Laura Zigman,2000
044021145X,John Grisham,1992
449212084,Margaret Truman,1990
553582682,Nic Kynaston,2000
590947257,Paula Danziger,1997
074345829X,Richard A. Lupoff,2003
786913878,Carrie Bebris,2001
801491827,Ellen Carol Dubois,1980
816729913,Candice F. Ransom,1993
843136685,Sam Bobrick,1994
866119531,Anna Sewell,2000
866119566,Charles Dickens,1989
870441663,Donna K Grosvenor,1975
1561561428,Mary Wollstonecraft Shelley,1992
553210092,NATHANIEL HAWTHORNE,1965
553258524,Anne McCaffrey,1977
688163726,Robert Westall,1998
1569471096,Valerie Block,1998
055358099X,Luanne Rice,2000
316168815,Alice Sebold,2004
014023828X,T. Coraghessan Boyle,1996
316314927,Ellen Gilchrist,1998
345424719,JOHN IRVING,1999
375414746,TIM GAUTREAUX,2003
375726403,Richard Russo,2002
385503857,Margaret Atwood,2003
425156842,Jostein Gaarder,1997
440226104,ANNA QUINDLEN,1999
452277337,Diane Johnson,1997
553802488,DEAN KOONTZ,2003
671021001,Wally Lamb,1998
767903579,Adeline Yen Mah,1999
805063897,Barbara Ehrenreich,2002
679777431,DOROTHY DUNNETT,1997
553285343,JOHN LE CARRE,1990
486285529,A. C. Gordon,1995
671002481,Olivia Goldsmith,1996
812523385,Emily Dickinson,1995
895774666,Hazel Harrison,1993
20199090,Joseph Girzone,1993
385495145,JOSEPH GIRZONE,2002
679733825,Lorraine Anderson,1991
842329129,Tim Lahaye,1996
345451260,AD HUDLER,2002
740700235,Josephine Carlton,2002
380973545,Ted L. Nancy,1999
393321576,Francis Wheen,2001
743424425,Stephen King,2001
786868015,Joyce Reardon,2001
446610178,Sidney Sheldon,2001
684854953,Christopher Moore,1998
743229878,Mary Higgins Clark,2002
380617625,Robert Lacey,1983
380732335,Tim Dorsey,2000
385337132,JODI COMPTON,2003
440235057,Elmore Leonard,2000
445402040,Elmore Leonard,1986
618119760,Lynn Coady,2002
871138646,John Lawton,2003
26329859,Eileen Yin-Fei Lo,1995
60621257,Tilden H. Edwards,1988
60915544,Barbara Kingsolver,1989
60917016,Barbara Kingsolver,1990
60925000,Vikram Seth,1994
60932759,Isabel Allende,2000
61000280,Tony Hillerman,1990
192815318,Elizabeth Gaskell,1982
312195516,Anita Diamant,1998
380792664,Lauren Haney,1997
393048977,Gerald Stern,2000
399137807,Lilian Jackson Braun,1992
039914739X,Patricia Daniels Cornwell,2001
451203046,Maeve Binchy,2001
451410556,Martha Grimes,2002
451523318,Henry James,1978
486281965,Sarah Orne Jewett,1994
486292940,William Carlos Williams,1997
051762639X,Anthony Trollope,1986
684824442,Edith Wharton,1996
743458303,Harry Kemelman,2003
081296666X,Mil Millington,2003
819215635,Suzanne G. Farnham,1991
880011025,Czeslaw Milosz,1987
1561011525,Margaret Guenther,1998
1877727083,Roberto Juarroz,1992
486206173,Akiba Rubinstein,1941
312278586,Emma McLaughlin,2002
8845229041,P Coelho,0
887641486X,Elena Ferrante,2002
140370900,Paul Jennings,1995
674511255,"Mark E., Jr. Neely",1993
30096189,Stephen J. Weininger,1994
312965745,Larry Katzenstein,1998
345374657,David Steinman,1992
395710901,Alfie Kohn,1995
080521061X,Paula Polk Lillard,1996
823032612,David Lewis,1983
679310002,Billie Livingston,1999
312288115,Adele Lang,2002
316171107,Jen Banbury,1998
380710218,Patricia Daniels Cornwell,1993
515118656,Catherine Coulter,1996
553289063,Dominick Dunne,1991
671000306,Clive Cussler,1996
671673688,Mary Higgins Clark,1990
1561672033,John Pascal,1995
425178242,Carl Hiaasen,2001
618173870,Jonathan Safran Foer,2002
156027321,Yann Martel,2003
375403582,Francesca Marciano,1998
385721420,JULIA GLASS,2003
451202341,Tawni O'Dell,2001
743418190,Jennifer Weiner,2002
385335407,Danielle Steel,2001
965746828,Leon Hale,1997
60923245,Russell Banks,1992
486272664,Samuel Taylor Coleridge,1992
786015276,Bradley Warshauer,2003
60913509,Bobbie Ann Mason,1986
553272837,Nora Roberts,1996
440225078,Karen Robards,2001
312145543,Emma Lathen,1996
425181111,Dean R. Koontz,2002
380732688,Faye Kellerman,2002
140286276,Jacquelyn Mitchard,1999
373484100,Nora Roberts,2000
449907481,JANE SMILEY,1992
553107305,DIANE MOTT DAVIDSON,2002
080213825X,Candace Bushnell,2001
515127833,Nora Roberts,2003
345441133,KRISTIN HANNAH,2002
515134279,Michael Marshall,2002
945586051,Allen Widome,1989
385490992,John Grisham,1998
385424728,John Grisham,1994
312980388,Wilbur Smith,2002
590419625,Mike Thaler,1989
385472951,John Grisham,1997
451195663,Michael Slade,1998
425182878,John Sandford,2004
553564528,TAMI HOAG,1997
055356451X,TAMI HOAG,1995
743412621,Mary Higgins Clark,2004
849943728,Ted Dekker,2003
849943450,Angela Elwell Hunt,2003
084994371X,Ted Dekker,2003
590406019,C. S. Lewis,1988
20442408,C. S. Lewis,1970
553225987,William Eisner,1986
042517736X,Robin Cook,2000
671868713,Ann Rule,2000
038549825X,E. LYNN HARRIS,2001
553202294,Linda Goodman,1981
345313860,ANNE RICE,1986
345369947,Anne Rice,1991
067170124X,Judith Rossner,1991
345353625,Marilyn French,1990
308102282,Wayne W. Dyer,1976
006017143X,Armistead Maupin,2000
805056491,Julie Morgenstern,1998
679401377,Peter Straub,1996
1562827049,Jack,1993
385306032,Danielle Steel,1993
816152446,Barbara Taylor Bradford,1991
821772953,Lisa Jackson,2004
345379454,SHARYN MCCRUMB,1992
553576925,Kay Hooper,2000
743206053,Mary Higgins Clark,2002
688169678,Cokie Roberts,2000
439319552,Shana Corey,2001
590870157,Jesse S. Ostrow,1994
307001164,Justine Korman,1996
440441501,PATRICIA REILLY GIFF,1987
590687301,Beverly Cleary,2000
439061644,K. A. Applegate,1999
439569842,Jane Yolen,2003
307118703,Dinah L. Moche,1997
590418858,Marvin Miller,1989
030720152X,Craig Boldman,1983
816728739,H. G. Wells,1992
865050880,Bobbie Kalman,1985
812519655,Mercedes Lackey,1995
812524853,Mercedes Lackey,1992
449211770,Dorothy Gilman,1997
193072229X,Moveon,2004
812521129,Mercedes Lackey,1990
345251733,Christopher Finch,0
1400077826,CHARLES FRAZIER,2003
312995431,Julia Spencer-Fleming,2004
312312628,Julia Spencer-Fleming,2004
446394521,Fannie Flagg,1992
590021117,Laura Ingall Wilder,0
068484267X,Frank McCourt,1999
553578693,LISA GARDNER,2002
380709260,Beverly Cleary,1990
807565288,Gertrude Chandler Warner,1996
312986769,Julia Spencer-Fleming,2003
345413377,PHILIP PULLMAN,2001
345413369,PHILIP PULLMAN,1998
679893105,PHILIP PULLMAN,1998
61096091,Lynn S. Hightower,1997
345369068,Sharyn McCrumb,1991
451184718,Sharyn McCrumb,1997
449209121,Dorothy Gilman,1992
60938455,Eric Schlosser,2002
080411952X,Suzanne Brockmann,2000
60575808,Gail Carson Levine,2004
60558865,Gail Carson Levine,2004
767912918,FRANCES KUFFEL,2004
553298860,Susan Conant,1994
385335679,DAVID SCHICKLER,2002
440122090,Maeve Binchy,1989
671525832,Judith McNaught,2003
553279572,Ray Bradbury,1989
61009059,Janet Evanovich,1995
60930187,Sylvia Plath,2000
516076272,Ilona Koidahl,1974
679450432,Richard North Patterson,1999
821775863,Fern Michaels,2003
821770209,Fern Michaels,2003
670855758,Betsy Byars,1995
553562819,Bruce Sterling,1994
446364193,James Patterson,1993
446519138,Sarah Ban Breathnach,1995
425179672,Alice Hoffman,2001
61042943,Lisa Scottoline,1994
399144463,Spencer Johnson,1998
965404560,Ian McEwan,2002
006015781X,David Feldman,1987
60930705,Richard Bausch,2000
312206763,Katie Fforde,1999
316116025,James Burke,1996
156013967,Bliss Broyard,2000
385314019,Sara Paretsky,1996
743444167,Charles Webb,2002
618231617,Elizabeth Benedict,2002
1567920047,Stanley Morison,1999
811203220,Henry Miller,1962
1573229148,David Whyte,2002
787955671,Warren  Bennis,2001
425174484,Martha Beck,2000
385496907,Desmond Mpilo Tutu,2000
446523992,Kris Shepard,2001
140185216,Jack Kerouac,1998
684717255,Martin Buber,1971
8807120194,Gianfranco Bettin,1994
62507249,Paul Monette,1993
684801221,Ernest Hemingway,1995
1576737357,Melody Carlson,2000
60083298,Alisa Kwitney,2002
446672211,Billie Letts,1998
140293248,Melissa Bank,2000
807070718,Rena Kornreich Gelissen,1996
743213831,Moon Unit Zappa,2001
345305477,Ted Mooney,1982
61080519,Susan Wiggs,1993
142000205,Gwyn Hyman Rubio,2001
316735027,Elisabeth Robinson,2004
193156146X,Audrey Niffenegger,2003
015600710X,Anita Shreve,1999
62517856,Tim Farrington,2002
679767789,Mark Salzman,1996
449911683,Chaim Potok,1996
425169626,Scott Spencer,2000
449207757,Chaim Potok,1990
449245691,Chaim Potok,1997
140029400,V. S. Naipaul,1992
140021566,V.S. Naipaul,1993
2253004022,Jean Giono,1987
2253005274,Alain-Fournier,2000
225300670X,Erich Maria Remarque,1973
905762487,Christine Obbo,1980
3499222604,Christa Wichterich,1998
140620427,Jane Austen,1994
3596144434,Hera Lind,1999
3442724686,Arundhati Roy,1999
385504209,Dan Brown,2003
446525502,Nicholas Sparks,2000
385500769,Jane Hamilton,1999
399147012,Jack Higgins,2001
670892963,Helen Fielding,2000
688180639,A. Manette Ansay,1999
316789089,Anita Shreve,1999
451197275,Max Allan Collins,1998
425184129,Dave Barry,2002
151001006,David Guterson,1994
385505833,JOHN GRISHAM,2001
679442790,Bernhard Schlink,1997
525943862,Eric Jerome Dickey,1999
609605925,KRISTIN HANNAH,2000
60191929,Patricia Gaffney,1999
743206045,Mary Higgins Clark,2002
684864843,Barbara Delinsky,2000
684867818,Richard Paul Evans,1999
743406176,Marc Levy,2000
380978539,Laney Katz Becker,2000
679603352,John Irving,1999
679410430,VLADIMIR NABOKOV,1993
446523569,Nicholas Sparks,1998
671042556,Jennifer Lauck,2000
679450440,Richard North Patterson,2000
140107649,Joe Keenan,1988
609606727,Jeanne Ray,2000
446527793,Nicholas Sparks,2003
446531332,Nicholas Sparks,2002
1570717257,Tony Parsons,2001
60192631,Jane McCafferty,1999
385420161,Laura Esquivel,1992
345339711,J.R.R. TOLKIEN,1986
052594463X,Venise T. Berry,2000
039304016X,Sebastian Junger,1997
399147128,Nora Roberts,2001
670031046,Jan Karon,2002
394574745,Cormac McCarthy,1992
316969443,James Patterson,2001
743230051,Mary Higgins Clark,2001
316693200,James Patterson,2002
684868911,Richard Paul Evans,2000
842336214,Travis Thrasher,2000
399148582,John McEnroe,2002
684864320,Barbara Delinsky,1999
525944834,Eric Jerome Dickey,2000
345428900,Sally Mandel,2000
451176812,Linda Lay Shuler,1993
671525794,Paul Theroux,1984
718144538,Dick Francis,0
446602086,Janet Dailey,1995
394551427,Claude Lanzmann,1985
64407667,Lemony Snicket,1999
7100221,Matthew Thomas,2001
2253148539,Boris Vian,1999
747549923,Hubert Selby,2000
743462335,Jacob Weisberg,2002
140253580,David Lodge,1996
947782141,Judy Hamilton,1999
057120354X,Philip Ardagh,2000
349101779,Iain Banks,0
743222229,Jacob Weisberg,2001
185479549X,David Crombie,2000
140292918,John Steinbeck,2001
1854795554,Michael O'Mara,2000
1858813093,Richard Brassey,2003
198604025,R. W. Holder,2003
1842151053,Valerie Ferguson,2000
2253063339,Bernard Werber,2002
1860198597,Andy Sloss,0
767908473,ALLAN ZOLA KRONZEK,2001
1842040154,Charles L. Squire,2000
140622063,Gordon Jarvie,1997
571209521,Philip Ardagh,2002
1841952931,Alan Spence,2002
890877564,Helene Siegel,1995
1405200677,E.H. Shepard,2002
416196772,Alan Alexander Milne,1999
747538069,Eric Thompson,1998
375501347,Elizabeth Strout,1999
60927240,Russell Banks,1996
316776963,David Sedaris,2001
156341029X,Leslie Feinberg,1993
60934719,Neil Gaiman,2001
1886383421,Chris Anne Wolfe,2001
1888451084,Lauren Sanders,2000
451450256,Gael Baudino,1993
1555835953,Lauren Maddison,2001
395877563,Carol Anshaw,1997
962893862,Jean Stewart,1992
1555834531,Emma Donoghue,1998
393318435,Deborah McDowell,1998
889740828,Karen X. Tulchinsky,1998
1563410443,Dorothy Allison,1994
1563899388,Jill Thompson,2003
1563411148,Jody Seay,1999
553579681,Manda Scott,1999
553579673,Manda Scott,1999
451181379,Dean R. Koontz,1994
786889160,Jeff Foxworthy,1997
345370740,Terry Brooks,1993
553574175,A.C. Crispin,1998
553574167,A. C. Crispin,1998
553574159,A. C. Crispin,1998
312287240,Madelyn Arnold,2002
679801146,Tamora Pierce,1989
446300101,Carolyn Chute,1986
821750410,Sara Orwig,1995
425142485,Dean R. Koontz,1994
451456548,Melisa Michaels,1997
60006048,Isobel Bird,2001
312906552,Frederik Pohl,1987
440117291,VONDA MCINTYRE,1986
425049981,John Varley,1980
374386676,Nancy Garden,1999
786886463,Christopher Rice,2001
345395379,Nicola Griffith,1996
380788497,Jane Lindskold,1998
307215342,Julie Campbell,1977
374343381,Nancy Garden,1991
345403339,LEE SMITH,1996
440226694,JACQUELINE WOODSON,2000
440219604,Jacqueline Woodson,1995
767903285,Pat Head Summitt,1998
345429176,Richard Belzer,1999
038529929X,Thomas Harris,1999
1573229571,Nick Hornby,2002
345418778,Douglas Adams,2000
517201658,Colleen McCullough,1998
743211383,Stephen King,2001
039914370X,Robert B. Parker,1998
1884777805,Andrew L. Johnson,1999
312977905,Marian Babson,2002
812521331,W. Michael Gear,1992
451205421,Dean R. Koontz,2002
894342789,Paul Phifer,1999
440218535,Peter Hoeg,1997
449207595,Erma Bombeck,1988
8806142267,Roberto Vecchioni,1996
670844594,John Mortimer,1992
039457513X,E. L. Doctorow,1989
394559487,Simon Schama,1989
804001944,Frank Waters,1970
590897985,Karen Hesse,1998
689832877,Kenneth Oppel,2001
689829698,Carol Ryrie Brink,1999
439042917,K. A. Applegate,1998
64409457,C. S. Lewis,2000
64405052,C. S. Lewis,1994
043922165X,Shelly R. Roberts,2001
152162445,Diane Duane,2001
152162577,Diane Duane,2001
015216250X,Diane Duane,2001
1562477528,Carolee Brockmann,1999
439221676,Rachel Roberts,2001
439221684,Rachel Roberts,2001
439221714,Rachel Roberts,2000
439221706,Rachel Roberts,2002
439221730,Rachel Roberts,2002
440415993,Lensey Namioka,2000
895872102,Jackie Eileen Behrend,1998
068983585X,Andrew Clements,2001
345391802,Douglas Adams,1995
440219078,LOIS LOWRY,1994
185424597X,Paul Hattaway,2003
2080105434,Alain Stella,2001
3257201761,Patricia Highsmith,1974
345356578,Stephen Donaldson,1990
345346971,STEPHEN R. DONALDSON,1987
753804700,Bernhard Schlink,0
451155750,Stephen King,2004
786890436,Ellen Rimbauer,2002
415928087,Todd Herzog,2000
521427150,John Borneman,1992
812923278,ROBERT S. MCELVAINE,1993
884111342,Bram Stoker,1989
345428544,Michael A. Stackpole,2000
671694049,Douglas Adams,1990
080901582X,Langston Hughes,1995
449006557,Anne Perry,2001
373250339,Carol Matthews,2003
380820447,Carole Matthews,2002
385497679,Jacqueline L. Tobin,2000
451454243,Marion Zimmer Bradley,1995
941423042,Andrei Codrescu,1988
373871562,Carolyne Aarsen,2001
553101439,Louis L'Amour,1996
898151910,Jack Chapman,1987
835949362,Anthony J Alessandra,1981
880701102,Charles R. Swindoll,1985
039914563X,Tom Clancy,2000
312853238,Orson Scott Card,1992
688048730,V. A Howard,1986
425161722,Tom Clancy,1999
385493800,John Grisham,1999
849916399,Walter P. Wilson,2000
1928791107,Bruce Fries,2000
067175145X,"Rush H., III Limbaugh",1992
440211727,JOHN GRISHAM,1992
877192820,Anne Dingus,1995
380002450,Kate Chopin,1982
793133955,Kirk Kazanjian,1999
394178017,Donald Merriam Allen,1974
425134350,Tom Clancy,1992
385479689,William Maples,1995
380754851,Carl Hausman,1991
380538504,Richard Peck,1981
044661162X,Michael Connelly,2003
671742566,Judith McNaught,1991
515122408,Lilian Jackson Braun,1998
440222818,John T. Lescroart,1998
451204050,John Jakes,2001
038533334X,Alice McDermott,1999
449131548,Hilary Bailey,1986
440120470,Howard Fast,1991
451188209,Jessica Fletcher,1996
440130913,Belva Plain,1987
449001954,Margaret Truman,2001
345404777,RICHARD NORTH PATTERSON,1999
451185277,Eileen Goudge,1999
440224829,DANIELLE STEEL,2000
671779338,Arnette Lamb,1993
515134368,Catherine Coulter,2004
380759497,Piers Anthony,1992
394578791,WALTER CRONKITE,1996
1558505377,Tom Mula,1995
373245696,Lois Faye Dyer,2003
743201078,Sharon Lamb,2002
068983571X,Sir Arthur Conan Doyle,2000
553256785,AGATHA CHRISTIE,1983
892967994,Mark Cohen,2004
61064505,Sherry Shahan,1997
1551668785,Helen Myers,2002
836230868,Della Rowland,1994
381999866,Irving. Adler,1974
380817144,Elizabeth Peters,2002
380752115,Shirlee Busbee,1991
553212583,EMILY BRONTE,1983
446364762,Sidney Sheldon,1993
425166619,Robin Cook,1999
061312975X,Frank E. Peretti,1999
765341972,John A. Keel,2002
590514776,Stefanie Scott,1998
373037430,Rebecca Winters,2003
64472779,Meg Cabot,2003
553581279,Tanith Lee,1999
373750013,Cathy Gillen Thacker,2003
393030342,Richard Burton,1991
553561618,TAMI HOAG,1994
312422156,Jeffrey Eugenides,2003
425139069,Beverly Hastings,1993
450029956,Cyrano de Bergerac,1976
130139165,James C. Robertson,2000
373196741,Teresa Southwick,2003
451524489,Kate Chopin,1995
140065172,Judith Guest,1993
044022165X,JOHN GRISHAM,1996
373123485,Sandra Field,2003
373123108,Helen Brooks,2003
590225170,Blanche Fisher Wright,1994
399143165,Robin Cook,1998
044132231X,George Gately,1985
425124347,Dean R. Koontz,1994
786889705,James Lee Burke,2000
312282990,Michael Chabon,2001
425137945,Barbara Michaels,1993
042512892X,Barbara Michaels,1996
425113892,Barbara Michaels,1989
394820371,Norton Juster,1993
449134482,Michael Blake,1990
014036336X,John Bellairs,1993
375821813,CARL HIAASEN,2002
812516826,Carole Nelson Douglas,1993
345348036,WILLIAM GOLDMAN,1987
679420118,Marc Reisner,2003
871137380,Mark Bowden,1999
741409690,Jonathan Pearce,2002
741407213,Jonathan Pearce,2001
759612277,Jonathan Pearce,2001
741402858,Jonathan Pearce,1999
1585007366,Jonathan Pearce,1999
074141127X,Jonathan Pearce,2002
741403471,Jonathan Pearce,2000
741403781,Jonathan Pearce,2000
741403056,Jonathan Pearce,2000
741405784,Jonathan Pearce,2000
741402912,Jonathan Pearce,1999
553568760,Michael Palmer,1995
034538184X,Richard North Patterson,1995
140620125,Emily Bronte,1994
140620109,Jane Austen,1994
375420827,Alain de Botton,2002
671745530,Douglas Adams,1991
805062971,Chuck Palahniuk,1999
553211412,Emily Bronte,1983
671510053,Annie Proulx,1994
1573229385,Adam Davies,2002
945397410,Harry M. Walker,1996
385334036,Nicholas Evans,2001
60914653,Milan Kundera,1988
345347536,Piers Anthony,1987
055321313X,L.M. MONTGOMERY,1982
3473540420,Vinke,0
375507256,DAVID MITCHELL,2004
60529709,Jonathan Safran Foer,2003
876850867,Charles Bukowski,1980
140274154,Jack Kerouac,1998
679743464,Haruki Murakami,1993
375704027,Haruki Murakami,2000
874067391,Frances Hodgson  Burnett,1996
590484753,Patricia C. Wrede,1995
451527038,Jack London,1998
1590520777,Bruce Wilkinson,2002
590484672,Patricia C. Wrede,1994
975311255,Malcolm Goodway,2004
743237188,Ann-Marie MacDonald,2002
553586122,Iris Johansen,2002
553584510,LISA GARDNER,2003
345341201,FERN MICHAELS,1989
1551662744,Linda Howard,1997
440175623,Belva Plain,1987
440216842,Belva Plain,1998
345443284,Sue Miller,1999
553285653,Sheri S. Tepper,1990
394800133,DR SEUSS,1960
60972777,Tobias Wolff,1989
64401472,Isaac Bashevis Singer,1984
156001942,Mark Helprin,1995
055326382X,Gary Zukav,1994
345418018,John Irving,1997
684801469,Ernest Hemingway,1995
393961192,Alfred H. Kelly,1991
9997522052,Emile Zola,2001
872203492,Plato,1997
312420145,Jonathan Franzen,2001
911104542,B Kliban,1975
375401318,JUDY BLUNT,2002
140253602,William Trevor,1996
671789422,Alice Walker,1993
1566193966,Stephen Gazi,0
014016930X,Wallace Stegner,1992
140077022,Don DeLillo,1991
679732764,Ralph Ellison,1995
553273604,Isabel Allende,1988
553273914,Isabel Allende,1986
60256672,Shel Silverstein,1974
039592720X,Jhumpa Lahiri,1999
1859671500,Liz Trigg,1995
810935627,Charles Sullivan,1992
60928336,Rebecca Wells,1997
671003755,Wally Lamb,1996
553268449,TOM ROBBINS,1985
684844729,Ursula Hegi,1997
395051649,Samuel Richardson,1962
375705228,Valerie Martin,2000
038001503X,Gabriel Garcia Marquez,1970
835607860,Gill Farrer-Halls,2000
158574218X,John Mordock,2001
806996021,Susan Bowes,1997
440215625,DIANA GABALDON,1993
316777730,David Sedaris,1998
375501851,Zadie Smith,2000
877733759,NATALIE GOLDBERG,1986
805019367,Sue Grafton,1994
140070206,William J. Kennedy,1989
140236589,Bob Shacochis,1994
140042393,John Steinbeck,1976
1590520653,Randy Alcorn,2003
1590521994,Nancy Cobb,2003
3446202218,Margriet de Moor,2002
3499134446,Armistead Maupin,1995
067142517X,Dale Carnegie,1981
671726889,Clifford Stoll,1990
446601241,James Patterson,1995
451124340,Stephen King,1983
345384466,ANNE RICE,1993
446604801,James Patterson,1997
345422392,Anne Rice,2001
679734775,SANDRA CISNEROS,1991
440414717,Gary Paulsen,1999
689715625,Marguerite Henry,1992
812539389,Tanith Lee,1998
152013369,Sherry Garland,1996
425124819,Barbara Michaels,1994
345409469,Carl Sagan,1997
1558747346,Kimberly Kirberger,1999
373250177,Ariella Papa,2002
763615382,Michael J. Rosen,2002
965975401,Dawn Chipman,1997
141001771,Shannon Olson,2001
068930935X,Phyllis Reynolds Naylor,1982
451523369,Mary Wollstonecraft Shelley,1994
786884622,Karen Stolz,2001
449005569,CLARE NAYLOR,1999
671027344,Stephen Chbosky,1999
8885989632,Antonio Albanese,1994
786927089,Margaret Weis,2002
684831058,Ivan Doig,1996
006019491X,Isabel Allende,1999
684819066,Sylvia Nasar,1998
375420673,Ha Jin,2000
140368558,Elizabeth Laird,1994
395353416,Harlan Ellison,1997
66211611,Isabel Allende,2001
312254164,David M. Gitlitz,2000
3453147243,Wolfgang Hohlbein,1999
3746611229,Christoph Hein,1982
3492229336,Gaby Hauptmann,1999
3423009152,Christa Wolf,0
3596133319,Thomas Brussig,1998
3822813397,Piers Vitebsky,2001
3426871874,Christopher Weidner,2003
3453171977,Terry Pratchett,2000
034537522X,J.R.R. TOLKIEN,1992
345375211,J. R. R. Tolkien,1992
034545829X,H. P. Lovecraft,2003
140042520,Jack Kerouac,1991
380789035,Neil Gaiman,2002
446677574,Pamela Grim,2002
345358791,Arthur C. Clarke,1991
60964049,Armistead Maupin,1989
380558483,Jay Bennett,1983
1558171398,John Applegate,1988
425121046,J. Michael Straczynski,1990
441317502,John Myers Myers,1985
804102279,Reay Tannahill,1988
812551389,Jack Whyte,1996
345298985,Stephen R. Donaldson,1982
345316991,Stephen R Donaldson,1984
034531042X,Stephen R. Donaldson,1981
345310306,Stephen R. Donaldson,1979
345310292,Stephen Donaldson,1978
034531011X,Stephen R. Donaldson,1978
679734058,Peter Matthiessen,1991
451130448,Jack Higgins,1984
553266500,Paul Kent,1987
440206154,Thomas Harris,2000
345370775,Michael Crichton,1999
441366945,Robin McKinley,1985
553574833,Hank Whittemore,1996
915950839,Ellyn Satter,1987
60242388,Bill Brittain,1994
452265347,August Wilson,1990
743457943,Fern Michaels,2003
373484224,Nora Roberts,2000
553205757,Marilynn Robinson,1982
60171510,Sigrid Nunez,1995
312421001,Paul Auster,2002
786000988,Amanda Scott,1995
380789019,Neil Gaiman,1998
451135989,John Fowles,1981
380018179,Colleen McCullough,1978
679004785,Christopher Catling,2000
684825821,A'Lelia Bundles,2001
517395754,Dorothy L. Sayers,1982
067101420X,Jude Deveraux,2002
679457313,Arundhati Roy,1997
394557433,Anne Morrow Lindbergh,1986
553571656,LAURIE R. KING,1996
312169787,Anita Diamant,1997
942257324,Jeanne Duprau,1992
805008950,Louise Erdrich,1988
786866276,Melinda Haynes,1999
151000638,Belle Yang,1994
140266771,Carol Shields,1998
015644450X,Alice Walker,1974
679723420,Vladimir Vladimirovich Nabokov,1989
441004016,Tim Powers,1997
671500546,Jean Lorrah,1984
140620338,Oscar Wilde,0
460878263,John Beer,1997
3257061269,Paulo Coelho,2003
3453210999,Barbara Erskine,2002
3404126661,Annegrit Arens,1997
3453177622,Nicholas Sparks,2000
3453863593,Hans Joachim Alpers,2003
3499108518,Jerome D. Salinger,1966
3518367064,Hermann Hesse,1974
3453199766,Stephen Chbosky,2001
3746670144,Claudia von Zglinicki,1995
3453088433,Wolfgang Hohlbein,2002
425137015,Linda Lael Miller,1997
553572490,Jane Feather,1996
553576976,LOUIS L'AMOUR,1997
451450604,William Forstchen,1997
441001335,Spider Robinson,1996
451454677,Dennis L. McKiernan,1996
373257074,Mallory Rush,1996
441435351,Lionel Fenn,1990
373092237,Carole Halston,1985
373057296,Christine Rimmer,1992
373058446,BJ James,1994
349103232,Iain Banks,1993
571197779,Milan Kundera,2000
679745653,Truman Capote,1993
571200389,Vikram Seth,0
785268480,Darrell Scott,2000
014044503X,Johann Wolfgang Von Goethe,1989
851707777,Thomas Elsaesser,2000
6276199,Adrian Plass,1999
551031123,Adrian Plass,2000
551030682,Adrian Plass,1997
551032510,Adrian Plass,2000
000649840X,Frank Mccourt,0
140431268,Thomas Hardy,1989
99771519,Arthur Golden,0
486265862,Stephen Quirke,1991
067102535X,Ann Rule,2002
876855575,Charles Bukowski,1982
330376136,James Herbert,2002
140272658,William Sutcliffe,1998
3407780117,Janosch,2001
3257250398,Jean de Brunhoff,1920
3257250053,Jean de Brunhoff,1920
3257250460,Philippe Fix,1999
3442435951,Claudia Keller,1997
30615321,G. B. Trudeau,1982
836217632,Gary Larson,1994
140099832,Garrison Keillor,1990
385314744,Al Franken,1996
316107417,Berke Breathed,1990
894803700,Barbara Ann Kipfer,1990
449221164,Dick Francis,1993
553801031,STEPHEN FRIED,2002
590457225,Patricia C. Wrede,1992
316929190,George Stephanopoulos,1999
553052845,Rita Mae Brown,1988
140390693,Louisa May Alcott,1989
439404371,Cornelia Funke,2002
939766027,Stan Lee,1982
679741011,Camille Paglia,1992
345307674,James Kahn,1983
425071421,Robert A. Heinlein,1984
345297687,Anne McCaffrey,1979
766607119,Louisa May Alcott,2003
1573225789,James McBride,1997
380754843,Louis Sachar,1990
345368940,Anne McCaffrey,1994
345331605,Anne McCaffrey,1988
425050807,Eric Van Lustbader,1982
044100962X,Robert Asprin,2002
553296981,ANNE FRANK,1993
1895383129,Georg Feverstein,2001
375724575,Nomi Eve,2001
067163884X,Bruce Catton,1986
553140434,William Gibson,1981
29087104,Clement Eaton,1965
425050750,H. G. Wells,1981
345285549,Terry Brooks,1990
345290240,Terry Brooks,1980
345301870,Piers Anthony,1982
451169530,Stephen King,1991
067168390X,Larry McMurtry,1988
385335881,Sophie Kinsella,2002
385335482,SOPHIE KINSELLA,2001
553258001,John Irving,1986
671679627,Judy Collins,1989
375704043,Oliver W. Sacks,2002
373871279,Carolyne Aarsen,2000
373484070,Annette Broadrick,2000
805063889,Barbara Ehrenreich,2001
068986020X,Rachel Cohn,2003
671568809,Carolyn Keene,1997
1573228567,Rachel Naomi Remen M.D.,2001
553582658,Luanne Rice,2002
051513399X,Jayne Ann Krentz,2002
373218400,Nora Roberts,2002
449217868,Joan Smith,1990
671573020,Kaye Gibbons,2004
517006456,Bryn Chandler,1988
786867086,Tod Brewster,2002
1569471800,Eliza Osborne,2000
374216495,Howard Norman,1998
312274572,John Griesemer,2001
316825336,Marly A. Swick,1999
871137631,John L'Heureux,1999
679419152,Molly Ivins,1993
60192895,Tony Hillerman,1999
826308791,Forrest Carter,1986
140259198,Umberto Eco,1996
345435249,Greg Bear,2000
441003257,Neil Gaiman,1996
8850200005,Arundhati Roy,2002
451202503,Sharyn McCrumb,2002
446606812,Nicholas Sparks,1999
671028375,Kathy Reichs,2002
451181468,Jeffery Deaver,1995
399149759,Nevada Barr,2003
345384733,Martin Cruz Smith,1993
671759361,V.C. Andrews,1994
830724982,Stephen Hill,1999
399146008,Robin Cook,2001
3442720001,Ernst W. Heine,1996
515132632,Donna Fletcher,2002
044990671X,Jeanne Larsen,1992
688124402,Bari Wood,1993
929587081,James Gould Cozzens,1989
155970117X,Reidar Jonsson,1991
688105408,June Vendall Clark,1991
871130297,Robert Reilly,1986
440500095,Kem Nunn,1988
1570362084,Larry King,1995
60930535,Barbara Kingsolver,1999
375702709,Ernest J. Gaines,1997
044990928X,Anne Lamott,1994
671038184,Bret Lott,1999
60916508,Zora Neale Hurston,1990
756401453,Jude Fisher,2003
963270702,Salman Rushdie,1992
399242562,G. P. Taylor,2004
552996009,Bill Bryson,0
708881297,ANNE MCCAFFREY,1996
142000663,John Steinbeck,2002
590542443,Philip Pullman,2000
590112899,Philip Pullman,1998
590660543,Philip Pullman,1998
345361792,John Irving,1990
552999512,Judy Astley,2003
041619513X,Roger E. Allen,1998
855030224,Margaret Tempest,0
861638522,Enid Blyton,1996
575073314,James Barclay,2003
575073004,James Barclay,2002
394404289,Kahlil Gibran,1973
000636988X,Libby Purves,1986
1578562333,JANE KIRKPATRICK,2001
345458915,TESS GERRITSEN,2003
038531258X,Olive Ann Burns,1986
006092988X,Betty Smith,1998
140317937,Michael Ende,1985
743225406,Annie Proulx,2001
553256696,Corrie Ten Boom,1984
785263780,Bodie Thoene,2003
802433243,Marlo Schalesky,2003
375413081,MARK SALZMAN,2003
1400034779,Alexander McCall Smith,2003
038533303X,Michael Paterniti,2001
451163753,John Fowles,1996
440414520,Dorothy Reynolds Miller,1998
786885688,Steve Martin,2001
671880187,Banana Yoshimoto,1994
1558506454,Ann Rae Jonas,1996
895773538,Readers Digest,1990
385247745,Joseph Campbell,1988
385293542,Belva Plain,1984
802069347,Dyanne Gibson,1993
671721038,Isaac Asimov,1991
671311891,Bruce Coville,1997
345387007,TERRY BROOKS,1995
037570504X,Edwidge Danticat,1998
767902521,Bill Bryson,1999
892967048,Joe R. Lansdale,2000
553377868,ARTURO PEREZ-REVERTE,1996
472113658,Sheila O'Connor,2003
609608444,ERIK LARSON,2003
670032425,Saul Bellow,2003
915811332,Dan Millman,1991
1558744606,Jack Canfield,1997
080410753X,Amy Tan,1992
451526503,Mark Twain,1997
345325818,J.R.R. TOLKIEN,1985
044023767X,Ned Vizzini,2002
014131088X,Laurie Halse Anderson,2001
043909013X,Chris Wooding,2002
140244824,Mary McGarry Morris,1996
155643068X,Brian O'Leary,1989
096478260X,Brian O'Leary,1996
155643152X,Brian O'Leary,1992
553346768,F. David Peat,1988
884043142,L. Ron Hubbard,1988
743221990,Jeffery Deaver,2002
312983212,Stephen Coonts,2003
553486411,JOHN WHITMAN,1998
3478088534,Peter Kummer,2002
3821807059,Sven Regener,2001
865532168,Wendy Leigh,1990
059040640X,Dorothy Sterling,1987
1566197155,Frances Hodgson Burnett,0
805210318,B. K. S. Iyengar,1995
031227999X,Kate Atkinson,2001
385508417,JOHN GRISHAM,2002
385510438,John Grisham,2004
848705459,Susan M. McIntosh,1983
380723638,Nevada Barr,1997
718001044,Paul Gross,2002
307132668,Diane Muldrow,1999
812515722,Robert Bloch,1987
373169876,Mollie Molay,2003
890842795,Grace Colling,2001
385324057,Judy Blume,1998
9505470010,Ray Bradbury,1998
609602535,Jonathan Rabb,1998
425185710,Clive Cussler,2002
61030651,Patrick Robinson,2001
425178773,Jack Higgins,2001
553575619,ROBERT T. BAKKER,1996
671578391,Fred Saberhagen,1999
425095584,Richard Moran,1987
451409086,Michael Dimercurio,2000
031298250X,Stephen Coonts,2002
006109594X,Patrick Robinson,1998
671527215,Douglas Adams,1984
486203077,Wilkie Collins,1972
2894850743,Raymond Cloutier,1998
671522817,Randall Wallace,1995
618074716,Rhoda Huffey,2000
1400062888,CALVIN TRILLIN,2004
618045996,Rachel Simon,2002
312303033,Nick Earls,2002
1931520038,Carol Emshwiller,2002
671318314,Spider Robinson,2001
553377876,Tom Robbins,1995
1558612815,Edith Konecky,2001
014025448X,Jan Karon,1996
60934417,Ann Patchett,2002
671793489,Mary Higgins Clark,1993
174434642,William Shakespeare,1996
679772677,JONATHAN HARR,1996
312983824,Jennifer Crusie,2003
449149676,Kristin Hannah,2000
449006344,KRISTIN HANNAH,2001
553568183,Luanne Rice,1994
451191153,Ayn Rand,1996
440224624,Nicholas Evans,1999
451523067,Jane Austen,1994
743418174,Jennifer Weiner,2002
451526295,Jane Austen,1996
440214424,Elmore Leonard,1998
451187903,Jane Austen,1995
385491050,MARGARET ATWOOD,1998
671036505,Barbara Delinsky,2001
553213504,ALEXANDRE DUMAS,1984
446605891,Dorothy Garlock,1999
394758285,Raymond Chandler,1992
671004565,Mary Higgins Clark,2000
345370805,Whitney Otto,1992
375703055,Kaye Gibbons,1997
156006529,Anita Shreve,1999
446673544,Candace Bushnell,1997
140256369,Gabriel Garcia Marquez,1996
312243022,Michael Cunningham,2000
316789844,Anita Shreve,1997
679761837,Diane Ackerman,1995
385490445,Margaret Atwood,1997
380725398,Daphne Du Maurier,1995
345316770,Susan Isaacs,1990
375700757,CHARLES FRAZIER,1998
70212570,Fannie Flagg,1989
385480016,Anne Lamott,1995
61098361,Patricia Gaffney,2001
61093092,Susan Isaacs,1997
821758950,Jane Heller,1998
679729917,Roald Dahl,1990
451411013,Martha Grimes,2003
446611239,Douglas Preston,2003
553580078,Kim Stanley Robinson,2003
425189414,Jack Higgins,2003
812909372,William Safire,1980
451410912,Leslie Glass,2003
